Date,Visitor,VG,Home,HG,Type,Att.,LOG
2018-10-03,1,5,24,2,REG,17562,145
2018-10-03,16,2,27,3,OT,19589,157
2018-10-03,5,2,28,5,REG,18870,151
2018-10-03,3,0,30,7,REG,18506,150
2018-10-04,3,4,4,0,REG,19070,155
2018-10-04,19,2,6,1,OT,18680,154
2018-10-04,15,1,8,4,REG,18086,157
2018-10-04,2,0,10,3,REG,18532,154
2018-10-04,9,3,11,2,OT,19515,163
2018-10-04,17,3,20,2,REG,17117,151
2018-10-04,7,4,21,3,OT,15858,158
2018-10-04,30,6,23,7,OT,18627,159
2018-10-04,31,5,25,1,REG,18292,155
2018-10-04,22,5,29,2,REG,18555,144
2018-10-05,6,3,9,1,REG,18306,155
2018-10-05,24,3,14,2,OT,18230,156
2018-10-06,1,1,2,0,REG,17125,144
2018-10-06,20,1,4,3,REG,16824,165
2018-10-06,28,4,5,7,REG,18688,159
2018-10-06,22,2,8,5,REG,16768,153
2018-10-06,31,1,10,5,REG,18131,156
2018-10-06,29,2,15,1,SO,19077,198
2018-10-06,12,2,18,5,REG,12044,151
2018-10-06,17,4,19,3,REG,12163,145
2018-10-06,16,5,23,1,REG,18622,146
2018-10-06,7,5,25,4,OT,17429,159
2018-10-06,13,1,26,2,SO,19092,159
2018-10-06,21,5,27,3,REG,19321,155
2018-10-07,20,5,6,8,REG,13526,157
2018-10-07,27,7,7,6,OT,21812,151
2018-10-07,11,2,14,4,REG,18230,163
2018-10-08,11,2,1,3,SO,17436,164
2018-10-08,21,3,3,6,REG,17565,153
2018-10-08,29,2,4,4,REG,16004,140
2018-10-08,24,0,19,4,REG,8790,146
2018-10-09,28,3,6,5,REG,11932,155
2018-10-09,8,2,9,5,REG,11694,147
2018-10-09,27,7,10,4,REG,17866,150
2018-10-09,5,3,17,0,REG,17209,152
2018-10-09,24,8,22,2,REG,19133,154
2018-10-09,14,1,31,2,REG,15321,147
2018-10-10,2,3,1,2,SO,17015,150
2018-10-10,22,7,21,4,REG,13215,158
2018-10-10,29,2,30,5,REG,18506,160
2018-10-11,12,1,3,4,REG,17565,148
2018-10-11,8,6,4,1,REG,15396,150
2018-10-11,27,5,11,3,REG,19515,152
2018-10-11,9,5,13,4,REG,14394,154
2018-10-11,7,3,15,4,OT,18652,162
2018-10-11,14,3,16,0,REG,21302,153
2018-10-11,30,0,18,6,REG,16514,151
2018-10-11,31,0,17,3,REG,17228,150
2018-10-11,24,2,20,3,OT,17004,151
2018-10-11,29,2,23,4,REG,18610,147
2018-10-11,5,3,25,5,REG,16403,157
2018-10-11,28,4,26,1,REG,19092,143
2018-10-13,4,3,2,0,REG,15304,152
2018-10-13,11,2,3,8,REG,17565,160
2018-10-13,25,3,7,4,OT,21634,158
2018-10-13,5,3,8,2,OT,17334,154
2018-10-13,1,3,10,5,REG,18532,158
2018-10-13,28,3,13,2,REG,11953,152
2018-10-13,6,5,15,4,OT,18715,176
2018-10-13,23,3,16,4,SO,21302,203
2018-10-13,19,2,17,5,REG,17208,154
2018-10-13,12,2,20,1,REG,17085,144
2018-10-13,14,1,21,5,REG,15355,149
2018-10-13,29,1,22,0,REG,19067,139
2018-10-13,9,2,26,8,REG,19092,156
2018-10-13,27,4,30,2,REG,18506,141
2018-10-14,24,2,18,3,REG,13809,155
2018-10-14,1,3,25,2,REG,16562,156
2018-10-14,6,1,31,3,REG,15321,153
2018-10-15,11,3,16,7,REG,20323,160
2018-10-15,15,2,17,4,REG,17165,152
2018-10-15,10,1,21,4,REG,12358,150
2018-10-15,14,1,27,4,REG,19429,145
2018-10-16,2,1,15,2,REG,18795,155
2018-10-16,10,0,18,3,REG,12808,153
2018-10-16,8,2,20,3,SO,17251,163
2018-10-16,13,5,22,6,SO,19038,168
2018-10-16,28,3,23,2,OT,18492,144
2018-10-16,6,2,26,4,REG,19092,157
2018-10-16,4,1,29,4,REG,18321,158
2018-10-16,12,5,31,4,OT,15321,149
2018-10-17,19,1,1,4,REG,16909,150
2018-10-17,3,2,5,5,REG,17641,145
2018-10-17,25,2,16,3,REG,20137,142
2018-10-17,20,3,30,4,OT,18506,154
2018-10-18,22,3,9,6,REG,13492,140
2018-10-18,2,4,7,1,REG,21210,151
2018-10-18,3,2,12,3,OT,18347,146
2018-10-18,19,7,14,2,REG,18230,154
2018-10-18,8,5,18,3,REG,13374,161
2018-10-18,4,1,24,5,REG,17389,153
2018-10-18,11,1,26,3,REG,19092,163
2018-10-18,23,3,27,0,REG,19483,148
2018-10-18,28,1,31,4,REG,15321,152
2018-10-19,17,5,5,3,REG,18725,156
2018-10-19,15,3,10,1,REG,18346,138
2018-10-19,13,6,30,5,SO,18506,176
2018-10-20,8,3,6,1,REG,11753,150
2018-10-20,7,4,9,1,REG,17005,149
2018-10-20,17,3,12,0,REG,18347,149
2018-10-20,11,4,13,3,OT,14534,164
2018-10-20,4,5,14,1,REG,18230,158
2018-10-20,26,4,15,5,OT,19080,162
2018-10-20,16,3,21,4,OT,18442,157
2018-10-20,18,2,22,5,REG,19105,155
2018-10-20,19,1,24,4,REG,17414,151
2018-10-20,25,4,27,1,REG,19268,151
2018-10-20,3,1,28,2,OT,17871,150
2018-10-20,1,1,29,3,REG,18375,153
2018-10-20,2,3,31,5,REG,15321,153
2018-10-21,4,4,1,2,REG,17174,144
2018-10-21,26,6,7,3,REG,21012,149
2018-10-21,5,4,20,1,REG,17404,149
2018-10-22,6,3,11,1,REG,19515,148
2018-10-22,8,4,22,1,REG,19326,150
2018-10-22,30,5,28,2,REG,17227,145
2018-10-22,25,4,31,5,OT,15321,157
2018-10-23,2,4,9,1,REG,11458,148
2018-10-23,1,1,7,3,REG,20900,151
2018-10-23,14,2,10,4,REG,17354,159
2018-10-23,23,6,12,5,OT,18347,162
2018-10-23,5,2,16,3,REG,21028,150
2018-10-23,24,5,17,4,REG,17159,161
2018-10-23,13,2,20,5,REG,17016,153
2018-10-23,3,4,21,1,REG,15265,151
2018-10-24,26,1,8,0,REG,16753,143
2018-10-24,13,3,19,2,OT,9743,160
2018-10-24,28,3,29,2,SO,18189,162
2018-10-24,27,4,31,2,REG,15321,149
2018-10-25,28,1,2,4,REG,12955,140
2018-10-25,22,0,3,3,REG,17565,152
2018-10-25,16,3,4,4,REG,16112,155
2018-10-25,23,9,5,1,REG,17834,151
2018-10-25,20,1,7,4,REG,21280,156
2018-10-25,1,2,10,5,REG,17134,154
2018-10-25,30,1,12,4,REG,18347,149
2018-10-25,14,1,15,4,REG,18778,156
2018-10-25,17,4,18,3,OT,15164,164
2018-10-25,9,7,25,4,REG,17068,157
2018-10-26,24,3,6,4,SO,12311,163
2018-10-26,21,3,8,6,REG,16851,152
2018-10-26,31,2,11,1,REG,19515,147
2018-10-26,26,3,29,2,REG,18207,158
2018-10-27,26,1,2,7,REG,13623,151
2018-10-27,16,3,3,0,REG,17565,157
2018-10-27,4,4,9,5,OT,15642,159
2018-10-27,30,4,5,3,SO,17832,165
2018-10-27,8,2,15,3,REG,19093,155
2018-10-27,13,2,18,3,REG,15927,170
2018-10-27,12,5,17,3,REG,17248,151
2018-10-27,19,6,22,1,REG,19247,148
2018-10-27,7,3,25,7,REG,17201,152
2018-10-27,31,2,27,3,REG,19545,151
2018-10-27,23,5,28,0,REG,17537,149
2018-10-28,24,4,1,3,OT,17099,156
2018-10-28,19,2,6,1,REG,10367,150
2018-10-28,12,2,7,1,OT,20987,144
2018-10-28,10,2,11,4,REG,19515,146
2018-10-28,20,3,14,4,REG,18230,161
2018-10-28,21,3,29,4,OT,18089,160
2018-10-29,5,3,27,1,REG,18989,151
2018-10-29,15,2,28,5,REG,16546,156
2018-10-30,22,3,1,2,REG,16450,148
2018-10-30,21,1,2,5,REG,13988,152
2018-10-30,5,2,4,1,OT,15196,158
2018-10-30,3,3,6,2,REG,11357,157
2018-10-30,11,5,9,3,REG,14288,150
2018-10-30,15,4,12,3,REG,18347,152
2018-10-30,10,4,16,1,REG,20506,159
2018-10-30,29,1,17,4,REG,17367,150
2018-10-30,19,6,23,3,REG,18509,152
2018-10-30,20,4,24,3,SO,17562,158
2018-10-30,18,3,26,8,REG,19092,157
2018-10-31,7,2,28,4,REG,16955,152
2018-11-01,20,3,1,2,SO,16101,194
2018-11-01,8,5,5,6,REG,17317,159
2018-11-01,18,3,11,4,REG,18273,168
2018-11-01,7,0,12,4,REG,18347,146
2018-11-01,31,4,13,2,REG,13490,157
2018-11-01,22,5,14,2,REG,18230,155
2018-11-01,30,4,16,6,REG,20279,145
2018-11-01,23,2,19,3,SO,10910,162
2018-11-01,4,2,21,4,REG,12587,140
2018-11-01,9,4,24,1,REG,15879,152
2018-11-01,29,3,25,5,REG,16813,152
2018-11-01,17,4,26,1,REG,19092,150
2018-11-01,10,2,27,1,REG,18878,147
2018-11-02,6,3,2,4,OT,10562,150
2018-11-02,8,6,28,7,OT,18334,164
2018-11-02,13,4,31,2,REG,13490,154
2018-11-03,21,2,4,9,REG,17881,147
2018-11-03,7,3,5,5,REG,18143,146
2018-11-03,12,4,11,3,REG,19515,151
2018-11-03,9,1,14,4,REG,18230,152
2018-11-03,26,4,16,1,REG,21302,151
2018-11-03,3,0,17,1,REG,17535,158
2018-11-03,18,0,19,3,REG,11901,146
2018-11-03,27,5,23,0,REG,18638,158
2018-11-03,22,3,24,4,OT,17562,149
2018-11-03,15,5,25,1,REG,17767,147
2018-11-03,6,0,29,3,REG,18328,149
2018-11-03,10,4,30,3,OT,18506,160
2018-11-04,9,2,1,3,OT,16727,151
2018-11-04,4,1,20,3,REG,16904,146
2018-11-04,26,4,21,3,OT,11364,149
2018-11-05,22,5,2,2,REG,13719,148
2018-11-05,10,1,3,2,OT,17565,154
2018-11-05,16,4,19,3,SO,9402,160
2018-11-05,18,5,23,1,REG,18420,158
2018-11-05,12,2,30,4,REG,18506,150
2018-11-06,10,1,9,4,REG,14159,144
2018-11-06,28,2,11,3,SO,18640,167
2018-11-06,1,1,14,4,REG,18230,161
2018-11-06,16,3,20,5,REG,17428,160
2018-11-06,18,3,21,7,REG,12491,157
2018-11-06,15,3,24,4,REG,15853,143
2018-11-06,6,1,25,4,REG,16210,151
2018-11-06,12,2,26,5,REG,19092,153
2018-11-06,29,1,27,3,REG,19045,154
2018-11-07,5,2,1,3,REG,16461,143
2018-11-07,17,4,8,1,REG,16923,164
2018-11-07,23,1,30,2,REG,18506,153
2018-11-08,28,8,3,5,REG,17565,158
2018-11-08,6,4,7,3,REG,21331,140
2018-11-08,24,3,10,4,REG,18137,153
2018-11-08,12,1,13,4,REG,11484,153
2018-11-08,15,3,14,1,REG,17621,149
2018-11-08,4,6,16,5,OT,20488,160
2018-11-08,29,5,21,3,REG,15213,157
2018-11-08,2,4,22,5,OT,18884,148
2018-11-08,19,2,26,4,REG,19092,150
2018-11-09,15,5,1,1,REG,16464,150
2018-11-09,20,2,11,3,OT,19515,158
2018-11-09,24,0,25,4,REG,17032,141
2018-11-09,18,1,27,6,REG,19211,152
2018-11-09,8,2,31,5,REG,15321,143
2018-11-09,9,2,30,1,REG,18506,151
2018-11-10,27,1,3,5,REG,17565,154
2018-11-10,28,3,4,4,SO,17541,162
2018-11-10,11,4,6,3,SO,13029,162
2018-11-10,20,5,9,4,SO,18384,167
2018-11-10,17,5,10,4,OT,18532,162
2018-11-10,19,2,13,4,REG,11947,148
2018-11-10,5,1,14,0,REG,18230,152
2018-11-10,29,4,16,5,REG,21302,150
2018-11-10,7,0,22,4,REG,19355,145
2018-11-10,2,0,23,4,REG,18596,151
2018-11-10,21,6,26,4,REG,19092,155
2018-11-11,29,1,3,4,REG,17565,150
2018-11-11,8,4,12,1,REG,18347,134
2018-11-11,21,1,13,5,REG,11192,155
2018-11-11,5,1,24,3,REG,17562,142
2018-11-11,15,3,25,2,REG,16735,153
2018-11-11,18,2,31,5,REG,15321,150
2018-11-11,2,4,30,1,REG,18506,147
2018-11-12,17,1,1,2,SO,16629,184
2018-11-12,7,2,6,3,OT,11221,148
2018-11-12,9,2,10,1,REG,17543,152
2018-11-12,28,1,20,2,REG,17100,148
2018-11-13,26,1,4,2,REG,15833,151
2018-11-13,2,1,11,6,REG,18257,159
2018-11-13,16,2,12,6,REG,18347,148
2018-11-13,27,5,14,1,REG,17859,141
2018-11-13,30,5,15,2,REG,19101,153
2018-11-13,23,2,18,4,REG,15108,161
2018-11-13,28,2,19,5,REG,8806,146
2018-11-13,13,2,22,1,REG,19147,150
2018-11-13,17,4,24,5,REG,16654,153
2018-11-14,25,0,7,1,REG,21401,139
2018-11-14,3,3,8,6,REG,16124,140
2018-11-14,1,0,29,5,REG,18111,145
2018-11-14,30,1,31,3,REG,15321,142
2018-11-15,17,1,2,2,REG,13315,149
2018-11-15,13,3,9,7,REG,14872,151
2018-11-15,16,3,5,2,REG,18443,152
2018-11-15,28,2,15,6,REG,19014,155
2018-11-15,20,5,19,7,REG,13472,160
2018-11-15,11,1,21,2,REG,13402,159
2018-11-15,18,3,22,0,REG,18806,154
2018-11-15,26,4,23,3,REG,18422,151
2018-11-15,27,5,24,3,REG,17011,147
2018-11-16,27,2,1,1,OT,16666,154
2018-11-16,14,2,7,1,SO,21227,156
2018-11-16,30,3,8,2,OT,18050,155
2018-11-16,3,0,10,1,OT,18532,157
2018-11-16,25,4,29,1,REG,18488,145
2018-11-16,4,2,31,1,SO,15321,157
2018-11-17,3,2,2,1,REG,16386,143
2018-11-17,9,4,6,1,REG,13040,145
2018-11-17,12,2,5,4,REG,19289,165
2018-11-17,4,3,15,2,REG,18947,142
2018-11-17,11,3,18,2,OT,16514,157
2018-11-17,14,3,17,5,REG,17627,154
2018-11-17,13,2,20,4,REG,18006,150
2018-11-17,23,4,21,6,REG,17692,148
2018-11-17,26,6,22,5,OT,19060,160
2018-11-17,25,0,24,4,REG,17417,144
2018-11-17,16,3,28,2,REG,17880,155
2018-11-18,8,4,1,3,OT,16502,160
2018-11-18,18,1,6,2,REG,11211,150
2018-11-18,15,1,7,3,REG,21373,153
2018-11-18,29,6,12,3,REG,18347,151
2018-11-18,10,6,19,2,REG,10650,144
2018-11-19,29,2,5,7,REG,17635,143
2018-11-19,30,5,16,4,OT,21911,172
2018-11-19,26,2,17,3,REG,17419,149
2018-11-19,10,1,20,2,REG,17071,142
2018-11-19,13,7,21,5,REG,11570,161
2018-11-19,4,5,23,4,OT,18618,157
2018-11-19,14,2,25,0,REG,16860,141
2018-11-19,9,2,27,4,REG,19134,152
2018-11-19,31,6,28,3,REG,17917,152
2018-11-20,12,4,24,3,OT,17562,150
2018-11-21,28,3,1,4,REG,16091,152
2018-11-21,29,3,2,2,OT,14151,159
2018-11-21,22,2,4,5,REG,19070,146
2018-11-21,27,2,6,5,REG,12562,151
2018-11-21,31,3,5,6,REG,17661,155
2018-11-21,3,2,11,3,OT,19515,149
2018-11-21,8,7,14,3,REG,17840,160
2018-11-21,21,4,15,6,REG,19035,156
2018-11-21,16,2,18,5,REG,16514,144
2018-11-21,25,1,17,4,REG,17558,159
2018-11-21,19,0,20,5,REG,17297,145
2018-11-21,10,1,23,5,REG,18430,138
2018-11-21,13,3,26,7,REG,19092,148
2018-11-21,7,2,30,4,REG,18506,150
2018-11-23,12,1,1,2,OT,16497,143
2018-11-23,8,5,2,1,REG,12029,150
2018-11-23,23,1,3,2,OT,17565,161
2018-11-23,16,2,4,3,OT,19070,157
2018-11-23,13,1,6,4,REG,13226,148
2018-11-23,27,2,9,4,REG,18656,141
2018-11-23,21,4,10,6,REG,18532,160
2018-11-23,31,2,15,4,REG,19116,162
2018-11-23,19,4,18,3,OT,16514,158
2018-11-23,20,0,22,4,REG,19523,151
2018-11-23,28,0,24,4,REG,17056,141
2018-11-23,17,2,25,6,REG,16192,150
2018-11-23,7,2,26,4,REG,19092,140
2018-11-23,5,0,29,2,REG,18206,145
2018-11-23,11,1,30,3,REG,18506,152
2018-11-24,10,2,8,3,REG,18010,151
2018-11-24,4,3,11,2,SO,19515,171
2018-11-24,7,5,13,4,OT,14283,157
2018-11-24,28,4,14,2,REG,17725,143
2018-11-24,3,3,16,2,REG,21302,157
2018-11-24,6,1,19,4,REG,10015,143
2018-11-24,30,5,20,3,REG,16884,137
2018-11-24,9,2,23,4,REG,18602,157
2018-11-24,31,8,25,4,REG,17028,155
2018-11-24,22,0,27,6,REG,19373,145
2018-11-24,24,0,29,6,REG,18252,154
2018-11-25,5,6,2,1,REG,12821,149
2018-11-25,12,2,14,5,REG,17581,159
2018-11-25,1,2,17,5,REG,17167,163
2018-11-25,18,2,26,5,REG,19092,153
2018-11-26,9,7,11,5,REG,17510,151
2018-11-26,18,3,13,4,OT,9456,163
2018-11-26,30,4,19,1,REG,9072,140
2018-11-26,21,2,20,4,REG,16709,157
2018-11-26,3,2,27,4,REG,19286,147
2018-11-27,24,2,4,3,OT,19070,159
2018-11-27,29,8,7,3,REG,21460,146
2018-11-27,10,0,12,1,OT,18347,152
2018-11-27,2,4,15,3,REG,18706,147
2018-11-27,6,2,16,1,REG,20835,147
2018-11-27,8,3,17,2,REG,17163,149
2018-11-27,21,4,22,3,REG,19083,148
2018-11-27,1,3,26,1,REG,19092,145
2018-11-27,14,2,28,1,OT,17790,146
2018-11-27,23,4,31,3,REG,15321,143
2018-11-28,10,4,5,3,OT,17676,152
2018-11-28,23,3,8,6,REG,17348,151
2018-11-28,25,3,11,4,REG,18165,156
2018-11-28,1,3,13,2,REG,9078,151
2018-11-28,24,3,27,5,REG,19362,156
2018-11-29,19,1,3,2,SO,17565,162
2018-11-29,15,2,9,4,REG,15210,148
2018-11-29,14,2,12,3,REG,18347,155
2018-11-29,2,3,17,0,REG,17165,153
2018-11-29,20,0,21,3,REG,10921,133
2018-11-29,4,4,26,5,REG,19092,153
2018-11-29,29,4,28,3,REG,16880,145
2018-11-29,7,5,31,6,REG,15321,141
2018-11-30,1,2,6,1,OT,13987,154
2018-11-30,14,1,5,4,REG,17989,138
2018-11-30,25,3,8,2,OT,18021,158
2018-11-30,4,2,13,3,OT,12179,156
2018-11-30,18,3,30,6,REG,18506,153
2018-12-01,25,1,2,6,REG,13451,150
2018-12-01,11,4,3,2,REG,17565,160
2018-12-01,29,1,12,2,REG,18347,139
2018-12-01,26,5,13,4,OT,12361,167
2018-12-01,27,5,15,3,REG,19107,151
2018-12-01,20,2,16,5,REG,21302,146
2018-12-01,31,4,18,3,OT,16514,166
2018-12-01,7,2,17,5,REG,17548,146
2018-12-01,9,2,19,3,REG,13917,150
2018-12-01,24,2,21,6,REG,17531,157
2018-12-01,22,4,23,2,REG,18653,143
2018-12-01,10,2,28,1,REG,17387,150
2018-12-02,5,3,7,2,REG,21074,150
2018-12-02,8,2,11,0,REG,18248,152
2018-12-02,6,0,14,2,REG,17546,158
2018-12-02,24,3,16,1,REG,20301,144
2018-12-02,31,4,20,3,SO,17464,162
2018-12-02,1,6,30,5,REG,18506,155
2018-12-03,12,1,10,4,REG,18125,154
2018-12-03,26,5,18,1,REG,13394,152
2018-12-03,4,1,17,2,REG,17311,151
2018-12-04,27,4,4,3,OT,19070,158
2018-12-04,5,9,9,6,REG,14885,150
2018-12-04,26,6,11,5,SO,18477,162
2018-12-04,3,0,13,5,REG,12058,160
2018-12-04,2,2,14,1,REG,17203,152
2018-12-04,21,2,16,5,REG,20705,145
2018-12-04,31,3,19,1,REG,9125,142
2018-12-04,8,3,23,6,REG,18415,154
2018-12-04,15,3,28,2,REG,17122,145
2018-12-04,30,3,29,5,REG,18275,156
2018-12-05,7,2,1,4,REG,15696,144
2018-12-05,6,1,24,5,REG,17119,144
2018-12-05,12,3,25,2,SO,16551,157
2018-12-06,30,4,2,2,REG,11910,141
2018-12-06,15,0,5,2,REG,17690,153
2018-12-06,8,5,13,2,REG,10077,149
2018-12-06,18,6,14,3,REG,17568,167
2018-12-06,16,5,21,2,REG,15820,144
2018-12-06,9,4,22,3,OT,19428,150
2018-12-06,19,2,23,6,REG,18440,145
2018-12-06,3,2,26,3,REG,19092,144
2018-12-06,11,5,27,4,OT,19392,157
2018-12-06,17,3,28,5,REG,16894,145
2018-12-06,7,3,29,4,REG,18494,152
2018-12-07,6,4,1,1,REG,15573,155
2018-12-07,24,2,10,3,REG,18342,146
2018-12-07,15,2,12,7,REG,18347,148
2018-12-07,25,1,31,0,REG,15321,147
2018-12-08,24,5,2,3,REG,13780,149
2018-12-08,27,3,3,6,REG,17565,159
2018-12-08,22,6,4,2,REG,18283,149
2018-12-08,30,4,9,0,REG,18501,149
2018-12-08,17,2,5,5,REG,17717,137
2018-12-08,19,3,11,2,REG,19515,159
2018-12-08,20,5,13,4,SO,15295,163
2018-12-08,29,1,14,5,REG,17631,145
2018-12-08,23,1,21,2,OT,15795,148
2018-12-08,8,1,26,7,REG,19092,152
2018-12-09,18,5,1,6,SO,16470,165
2018-12-09,16,3,7,2,REG,21057,152
2018-12-09,5,0,12,1,REG,18347,145
2018-12-09,3,2,21,1,OT,13148,153
2018-12-09,28,6,25,1,REG,16841,142
2018-12-09,10,2,29,4,REG,18240,151
2018-12-09,22,1,31,7,REG,15321,158
2018-12-10,14,1,11,3,REG,18322,144
2018-12-10,23,2,19,1,SO,13917,163
2018-12-10,18,2,24,5,REG,17097,148
2018-12-10,20,3,26,6,REG,19092,153
2018-12-11,2,3,3,4,REG,17565,155
2018-12-11,14,3,4,4,OT,17897,170
2018-12-11,27,4,6,1,REG,11907,141
2018-12-11,28,3,9,2,REG,14689,148
2018-12-11,12,6,8,4,REG,15809,156
2018-12-11,16,1,15,7,REG,18681,144
2018-12-11,21,1,17,3,REG,17162,144
2018-12-11,13,3,25,4,REG,16255,158
2018-12-11,7,3,31,6,REG,15321,143
2018-12-11,11,2,30,6,REG,18506,155
2018-12-12,10,3,1,6,REG,16810,152
2018-12-12,22,5,5,6,OT,17763,151
2018-12-12,23,3,7,6,REG,21232,148
2018-12-12,29,3,19,2,REG,9182,159
2018-12-13,2,1,4,3,REG,16872,153
2018-12-13,14,1,9,4,REG,15087,150
2018-12-13,13,1,15,5,REG,18714,152
2018-12-13,6,4,16,6,REG,20407,153
2018-12-13,28,3,17,4,OT,17206,161
2018-12-13,10,2,24,3,REG,17185,150
2018-12-13,27,1,26,4,REG,19092,159
2018-12-13,12,4,31,5,OT,15321,155
2018-12-14,30,6,6,5,SO,14446,165
2018-12-14,31,4,7,3,OT,21235,153
2018-12-14,21,4,11,2,REG,18330,152
2018-12-14,22,1,12,4,REG,18347,144
2018-12-14,29,4,18,5,OT,14076,151
2018-12-14,2,4,20,3,OT,17441,153
2018-12-14,3,3,23,5,REG,18549,152
2018-12-14,8,3,25,4,OT,16366,159
2018-12-15,1,2,9,1,OT,16171,153
2018-12-15,10,4,8,6,REG,17626,174
2018-12-15,27,3,13,4,OT,14177,168
2018-12-15,5,2,15,1,REG,18882,145
2018-12-15,21,2,16,5,REG,21302,153
2018-12-15,18,1,17,2,SO,17446,177
2018-12-15,11,3,19,4,SO,13917,167
2018-12-15,14,3,23,4,OT,18627,152
2018-12-15,22,1,28,5,REG,17238,143
2018-12-15,4,3,30,4,SO,18506,163
2018-12-16,4,4,3,2,REG,17565,154
2018-12-16,2,0,6,3,REG,13051,145
2018-12-16,24,7,7,3,REG,21237,146
2018-12-16,29,4,20,3,OT,17660,158
2018-12-16,5,7,25,2,REG,17064,146
2018-12-16,12,2,28,4,REG,18036,143
2018-12-16,26,4,31,5,OT,15321,158
2018-12-17,29,0,9,1,REG,15008,141
2018-12-17,19,4,8,1,REG,15066,149
2018-12-17,3,4,16,0,REG,21302,142
2018-12-17,17,3,21,4,OT,14492,157
2018-12-17,1,4,23,2,REG,18575,143
2018-12-18,19,3,2,1,REG,11640,145
2018-12-18,13,5,4,2,REG,17602,147
2018-12-18,17,1,7,2,REG,21223,149
2018-12-18,5,0,10,2,REG,18127,152
2018-12-18,25,4,12,1,REG,18347,153
2018-12-18,31,1,14,4,REG,17405,150
2018-12-18,24,4,15,0,REG,18870,143
2018-12-18,27,7,18,2,REG,14586,150
2018-12-18,1,1,20,3,REG,17590,147
2018-12-18,11,2,22,3,REG,19255,150
2018-12-18,26,5,28,2,REG,17193,162
2018-12-19,16,1,8,2,REG,15469,152
2018-12-19,23,2,30,1,REG,18506,154
2018-12-20,16,2,2,1,REG,11149,149
2018-12-20,1,1,3,3,REG,17565,150
2018-12-20,11,4,6,1,REG,13548,156
2018-12-20,18,1,9,2,REG,15595,150
2018-12-20,26,5,5,4,SO,19289,170
2018-12-20,7,5,10,2,REG,18532,151
2018-12-20,17,1,22,2,REG,19142,143
2018-12-20,15,1,23,2,REG,18435,149
2018-12-20,31,5,24,3,REG,17213,149
2018-12-20,13,1,27,6,REG,19329,151
2018-12-20,25,1,28,5,REG,18261,151
2018-12-20,19,2,29,4,REG,18226,155
2018-12-21,7,2,8,1,REG,17850,146
2018-12-21,21,2,18,5,REG,14614,158
2018-12-21,4,1,30,2,REG,18506,147
2018-12-22,8,4,2,6,REG,13896,155
2018-12-22,17,2,3,5,REG,17565,153
2018-12-22,1,0,4,3,REG,19070,153
2018-12-22,23,3,6,0,REG,16264,144
2018-12-22,25,3,5,1,REG,18683,143
2018-12-22,13,2,11,1,REG,19515,148
2018-12-22,26,6,12,3,REG,18347,159
2018-12-22,10,2,15,1,OT,19074,160
2018-12-22,30,4,21,0,REG,15605,139
2018-12-22,9,4,22,3,REG,19311,146
2018-12-22,14,3,24,2,OT,17562,155
2018-12-22,20,3,27,5,REG,19466,141
2018-12-22,31,1,28,0,REG,18028,143
2018-12-22,16,4,29,3,OT,18173,153
2018-12-23,3,3,6,5,REG,17491,157
2018-12-23,13,6,7,3,REG,21789,136
2018-12-23,19,3,10,1,REG,18031,146
2018-12-23,9,3,18,0,REG,12872,146
2018-12-23,22,3,20,2,SO,17515,163
2018-12-23,2,4,24,3,SO,17325,158
2018-12-23,11,4,27,5,OT,19196,151
2018-12-23,14,4,29,3,OT,18225,145
2018-12-27,18,5,3,2,REG,17565,151
2018-12-27,15,2,7,5,REG,21735,156
2018-12-27,28,4,12,2,REG,18347,147
2018-12-27,2,1,14,2,REG,18230,150
2018-12-27,10,2,17,0,REG,17697,157
2018-12-27,9,4,20,3,OT,18006,149
2018-12-27,11,2,23,5,REG,18639,148
2018-12-27,1,2,24,4,REG,17562,144
2018-12-27,4,1,25,4,REG,17867,141
2018-12-27,22,5,26,6,OT,19092,161
2018-12-27,8,1,29,2,REG,18505,147
2018-12-27,5,4,31,1,REG,15321,149
2018-12-27,6,1,30,3,REG,18506,149
2018-12-28,27,4,9,2,REG,18963,144
2018-12-28,16,5,13,3,REG,19512,144
2018-12-28,21,3,19,6,REG,13434,155
2018-12-29,2,5,1,4,OT,17174,153
2018-12-29,3,3,4,2,OT,19070,149
2018-12-29,28,3,5,2,OT,19289,155
2018-12-29,7,3,8,2,OT,18028,153
2018-12-29,11,1,10,5,REG,18532,156
2018-12-29,24,7,12,4,REG,18347,149
2018-12-29,22,1,13,2,REG,15737,150
2018-12-29,29,4,14,1,REG,18230,148
2018-12-29,6,0,18,2,REG,16514,156
2018-12-29,20,4,17,3,REG,17673,157
2018-12-29,30,3,21,2,REG,16808,150
2018-12-29,23,6,25,1,REG,17475,153
2018-12-29,16,5,26,6,REG,19092,157
2018-12-29,19,4,27,0,REG,19514,149
2018-12-29,15,3,31,1,REG,15321,145
2018-12-30,29,5,2,1,REG,17125,151
2018-12-31,26,2,1,1,OT,17340,145
2018-12-31,19,3,4,1,REG,19070,146
2018-12-31,22,1,6,3,REG,16644,147
2018-12-31,21,3,9,6,REG,18549,161
2018-12-31,24,5,5,8,REG,19289,163
2018-12-31,14,3,8,2,OT,18017,147
2018-12-31,16,3,10,2,OT,18532,149
2018-12-31,13,4,11,3,SO,19515,172
2018-12-31,31,4,12,3,REG,18347,147
2018-12-31,23,3,15,2,REG,19163,149
2018-12-31,28,0,18,4,REG,15772,141
2018-12-31,20,2,25,1,REG,16849,149
2018-12-31,17,6,30,3,REG,18506,153
2019-01-01,3,4,7,2,REG,76126,157
2019-01-01,22,0,17,4,REG,17481,146
2019-01-01,14,0,29,2,REG,18319,143
2019-01-02,12,3,2,1,REG,12583,144
2019-01-02,24,5,8,4,REG,17891,151
2019-01-02,18,4,10,5,REG,18133,149
2019-01-02,5,5,11,3,REG,19515,156
2019-01-02,23,7,20,2,REG,18006,151
2019-01-02,28,4,21,3,OT,16358,161
2019-01-03,5,4,3,6,REG,17565,143
2019-01-03,13,3,4,4,REG,18551,156
2019-01-03,26,6,14,2,REG,17551,150
2019-01-03,28,0,16,2,REG,21302,155
2019-01-03,7,2,19,3,OT,13454,153
2019-01-03,6,5,22,3,REG,18718,161
2019-01-03,30,2,25,5,REG,17200,145
2019-01-03,15,4,27,3,REG,19244,155
2019-01-04,29,3,1,2,REG,17222,144
2019-01-04,18,3,2,2,SO,12636,166
2019-01-04,9,2,6,4,REG,15346,141
2019-01-04,20,1,8,6,REG,17287,146
2019-01-04,30,1,10,2,OT,18532,152
2019-01-04,17,3,11,4,OT,19515,157
2019-01-04,31,0,23,4,REG,18642,149
2019-01-05,4,1,3,2,REG,17565,151
2019-01-05,9,4,13,3,OT,15213,147
2019-01-05,12,0,14,4,REG,18230,149
2019-01-05,17,4,16,1,REG,21302,149
2019-01-05,15,4,21,3,REG,14124,149
2019-01-05,5,3,22,2,OT,19236,151
2019-01-05,26,2,24,5,REG,17562,147
2019-01-05,19,4,25,3,REG,16801,150
2019-01-05,28,0,27,5,REG,19388,143
2019-01-06,12,4,1,0,REG,17317,150
2019-01-06,20,0,2,5,REG,12396,138
2019-01-06,30,3,11,2,REG,19515,150
2019-01-06,6,5,21,4,REG,12924,142
2019-01-06,7,5,23,3,REG,18623,144
2019-01-06,18,2,29,3,REG,18103,156
2019-01-06,10,1,31,5,REG,15321,144
2019-01-07,5,4,7,3,REG,21036,146
2019-01-07,15,1,16,0,REG,20601,146
2019-01-07,25,3,22,0,REG,19021,145
2019-01-07,14,1,24,3,REG,15447,140
2019-01-07,17,4,27,0,REG,19059,142
2019-01-08,15,0,3,4,REG,17565,148
2019-01-08,18,1,4,5,REG,18212,150
2019-01-08,16,3,11,2,REG,18898,150
2019-01-08,6,4,19,3,REG,13769,146
2019-01-08,13,1,23,5,REG,18526,149
2019-01-08,12,2,24,7,REG,17320,145
2019-01-08,10,3,25,1,REG,17037,143
2019-01-08,9,0,26,4,REG,19092,141
2019-01-08,20,2,29,4,REG,18249,163
2019-01-08,8,4,31,7,REG,15321,142
2019-01-08,22,3,30,5,REG,18506,157
2019-01-09,21,2,1,1,OT,17174,152
2019-01-09,8,3,5,5,REG,18220,146
2019-01-09,17,4,7,3,OT,21255,147
2019-01-10,30,4,3,2,REG,17565,155
2019-01-10,17,3,9,4,OT,17065,155
2019-01-10,13,3,12,4,SO,18347,158
2019-01-10,21,4,14,1,REG,17713,151
2019-01-10,31,2,15,3,REG,19072,145
2019-01-10,27,4,18,2,REG,15280,154
2019-01-10,19,4,20,3,REG,17938,152
2019-01-10,10,1,22,2,REG,19448,148
2019-01-10,16,1,25,4,REG,17839,148
2019-01-10,6,1,26,3,REG,19092,154
2019-01-10,2,4,28,3,OT,18527,153
2019-01-10,24,3,29,2,REG,18367,148
2019-01-11,23,7,1,4,REG,17473,145
2019-01-11,4,3,6,4,REG,17199,150
2019-01-11,13,3,5,4,REG,18579,148
2019-01-11,11,2,31,4,REG,15321,143
2019-01-12,26,5,4,3,REG,19070,153
2019-01-12,29,4,7,3,OT,21760,151
2019-01-12,25,3,10,1,REG,18124,147
2019-01-12,2,3,12,2,REG,18347,147
2019-01-12,23,2,14,5,REG,18414,156
2019-01-12,11,5,15,2,REG,19087,148
2019-01-12,8,0,16,3,REG,21302,140
2019-01-12,22,2,18,3,REG,16514,152
2019-01-12,20,2,19,1,REG,15497,147
2019-01-12,21,1,24,4,REG,17562,141
2019-01-12,3,3,27,2,REG,19305,144
2019-01-12,9,2,30,1,OT,18506,160
2019-01-13,17,3,6,6,REG,16347,151
2019-01-13,20,5,9,7,REG,17417,153
2019-01-13,2,1,5,7,REG,17849,145
2019-01-13,26,1,19,5,REG,11193,148
2019-01-13,13,1,28,5,REG,18610,162
2019-01-13,1,3,31,4,OT,15321,153
2019-01-14,16,3,3,2,OT,17565,157
2019-01-14,4,2,12,7,REG,18347,149
2019-01-14,7,5,18,8,REG,15204,149
2019-01-14,15,4,22,7,REG,19123,162
2019-01-14,8,6,27,3,REG,19248,146
2019-01-14,25,4,30,1,REG,18506,146
2019-01-15,18,1,9,4,REG,16377,145
2019-01-15,26,2,10,0,REG,18021,147
2019-01-15,1,1,11,3,REG,19515,145
2019-01-15,14,2,15,3,SO,19017,165
2019-01-15,13,1,16,5,REG,20576,155
2019-01-15,30,2,17,7,REG,17336,153
2019-01-15,25,1,19,2,OT,10042,149
2019-01-15,6,2,20,6,REG,17636,146
2019-01-15,23,2,24,5,REG,17292,142
2019-01-15,29,1,31,4,REG,15321,147
2019-01-16,24,3,2,6,REG,13342,149
2019-01-16,4,4,5,3,OT,18286,154
2019-01-16,8,2,21,5,REG,14468,149
2019-01-16,3,3,22,4,REG,19297,175
2019-01-16,12,3,28,2,SO,18166,170
2019-01-17,25,2,3,5,REG,17565,144
2019-01-17,14,2,10,1,REG,18045,152
2019-01-17,1,3,15,0,REG,18907,144
2019-01-17,31,5,17,1,REG,17507,153
2019-01-17,18,1,19,4,REG,12088,141
2019-01-17,7,3,20,4,REG,17434,152
2019-01-17,27,4,26,2,REG,19092,154
2019-01-18,23,3,2,2,OT,14757,158
2019-01-18,21,4,6,1,REG,15598,142
2019-01-18,16,4,9,1,REG,18892,145
2019-01-18,11,4,5,6,REG,19289,158
2019-01-18,27,1,13,3,REG,16741,143
2019-01-18,4,3,28,4,REG,18176,146
2019-01-18,19,2,30,0,REG,18605,137
2019-01-19,20,3,3,2,REG,17565,159
2019-01-19,14,1,8,7,REG,18043,154
2019-01-19,31,2,10,4,REG,18532,158
2019-01-19,5,5,12,2,REG,18347,155
2019-01-19,9,1,15,2,REG,19054,147
2019-01-19,22,5,16,2,REG,21302,139
2019-01-19,1,3,18,2,REG,15231,143
2019-01-19,13,4,17,2,REG,17716,153
2019-01-19,21,2,25,3,REG,17690,154
2019-01-19,24,3,26,6,REG,19092,149
2019-01-19,23,3,29,7,REG,18511,156
2019-01-20,30,5,7,8,REG,21316,156
2019-01-20,6,7,12,4,REG,18347,148
2019-01-20,1,0,19,3,REG,13917,141
2019-01-20,2,4,27,2,REG,19165,143
2019-01-20,11,2,28,3,REG,18865,152
2019-01-21,17,4,8,1,REG,18018,148
2019-01-21,24,2,13,6,REG,14014,153
2019-01-21,25,3,14,4,REG,18230,153
2019-01-21,15,4,29,2,REG,18328,160
2019-01-22,6,2,5,3,OT,18508,156
2019-01-22,19,2,7,3,SO,21330,156
2019-01-22,11,3,12,2,REG,18347,147
2019-01-22,2,3,21,2,REG,12236,147
2019-01-22,24,7,30,6,OT,18506,159
2019-01-23,25,5,1,1,REG,16795,141
2019-01-23,15,5,8,2,REG,17310,154
2019-01-23,2,1,16,2,REG,21002,143
2019-01-23,30,3,27,6,REG,19148,148
2019-01-23,6,5,28,2,REG,18373,152
2019-01-23,17,2,29,1,REG,18477,157
2019-01-28,31,1,22,3,REG,19087,150
2019-01-28,18,6,23,3,REG,18609,152
2019-01-29,31,4,3,3,SO,17565,172
2019-01-29,4,5,9,4,REG,15615,147
2019-01-29,22,1,20,0,REG,17163,148
2019-01-30,4,0,10,1,REG,17986,148
2019-01-30,26,2,23,4,REG,18514,149
2019-01-31,22,3,3,2,OT,17565,154
2019-01-31,20,4,18,3,REG,16514,150
2019-01-31,9,3,31,4,REG,15321,144
2019-02-01,7,7,4,3,REG,18205,146
2019-02-01,29,2,6,5,REG,17104,146
2019-02-01,15,1,10,3,REG,18124,148
2019-02-01,27,2,11,3,OT,19515,145
2019-02-01,17,4,13,1,REG,13158,149
2019-02-01,26,1,19,0,SO,13971,162
2019-02-01,21,3,23,5,REG,18618,149
2019-02-01,5,3,30,4,REG,18506,157
2019-02-02,25,4,9,2,REG,18681,144
2019-02-02,28,5,8,1,REG,18027,146
2019-02-02,29,1,13,3,REG,15202,147
2019-02-02,7,4,15,3,OT,19114,159
2019-02-02,18,3,16,2,OT,21302,148
2019-02-02,10,3,17,1,REG,17722,155
2019-02-02,14,2,19,4,REG,13917,150
2019-02-02,26,3,20,2,REG,17468,150
2019-02-02,11,2,21,0,REG,15714,144
2019-02-02,12,4,22,5,OT,19526,152
2019-02-02,2,2,24,3,OT,17227,147
2019-02-02,23,2,27,3,REG,19477,150
2019-02-02,1,3,31,9,REG,15321,150
2019-02-03,5,4,6,3,REG,12621,151
2019-02-03,12,3,16,4,OT,21302,154
2019-02-03,3,1,30,0,REG,18506,142
2019-02-04,2,4,10,5,REG,17996,162
2019-02-04,14,4,20,3,OT,16233,144
2019-02-04,28,1,22,2,REG,18671,152
2019-02-04,1,1,27,6,REG,18858,153
2019-02-05,19,1,3,3,REG,17565,153
2019-02-05,15,4,4,5,SO,16847,163
2019-02-05,9,6,8,3,REG,15398,151
2019-02-05,7,6,12,2,REG,18347,152
2019-02-05,25,3,13,2,REG,10243,150
2019-02-05,1,1,16,4,REG,20680,144
2019-02-05,14,5,18,1,REG,14508,151
2019-02-05,2,2,17,5,REG,17295,154
2019-02-05,6,4,23,0,REG,18435,137
2019-02-05,29,3,26,2,SO,19092,172
2019-02-05,24,3,31,2,OT,15321,152
2019-02-05,28,2,30,3,REG,18506,151
2019-02-06,3,3,20,4,SO,16848,169
2019-02-06,21,4,27,5,REG,19264,144
2019-02-07,9,4,2,2,REG,15319,148
2019-02-07,6,6,4,5,OT,17588,162
2019-02-07,24,5,5,2,REG,18748,147
2019-02-07,28,3,7,4,OT,21540,154
2019-02-07,29,4,11,3,REG,18889,157
2019-02-07,23,2,13,3,OT,14712,156
2019-02-07,12,4,15,1,REG,18904,151
2019-02-07,31,2,16,5,REG,21302,154
2019-02-07,19,2,18,1,SO,13265,157
2019-02-07,10,2,17,3,OT,17174,148
2019-02-07,1,0,21,4,REG,12617,139
2019-02-07,14,3,22,2,SO,18982,162
2019-02-07,25,1,26,0,OT,19092,152
2019-02-07,8,3,30,4,OT,18506,159
2019-02-08,6,3,20,0,REG,18006,139
2019-02-09,10,2,2,3,REG,13418,153
2019-02-09,14,4,3,5,OT,17565,152
2019-02-09,11,1,4,3,REG,19070,145
2019-02-09,24,5,12,2,REG,18347,147
2019-02-09,27,4,16,3,OT,21302,151
2019-02-09,15,4,18,2,REG,15783,150
2019-02-09,8,3,19,4,OT,14216,155
2019-02-09,31,2,21,5,REG,16263,150
2019-02-09,1,2,22,6,REG,19072,152
2019-02-09,17,2,25,3,REG,18166,150
2019-02-09,23,4,26,5,REG,19092,173
2019-02-09,5,3,28,4,SO,18410,165
2019-02-09,9,4,29,3,REG,18301,148
2019-02-09,13,5,30,4,OT,18506,156
2019-02-10,8,1,3,2,OT,17565,158
2019-02-10,31,3,4,1,REG,17966,139
2019-02-10,11,2,7,5,REG,21941,151
2019-02-10,26,5,13,2,REG,13566,151
2019-02-10,6,2,18,3,REG,16514,156
2019-02-10,25,5,17,4,OT,17622,170
2019-02-10,15,1,19,2,REG,13825,143
2019-02-10,27,1,20,4,REG,17445,145
2019-02-11,23,4,22,1,REG,19103,152
2019-02-11,24,7,28,2,REG,18576,142
2019-02-11,14,4,30,6,REG,18506,145
2019-02-12,7,3,3,6,REG,17565,152
2019-02-12,19,1,4,3,REG,16894,141
2019-02-12,30,0,9,3,REG,15701,146
2019-02-12,27,5,8,2,REG,16426,145
2019-02-12,10,3,13,0,REG,9472,146
2019-02-12,22,5,15,4,REG,18607,153
2019-02-12,11,3,17,2,REG,17260,149
2019-02-12,6,4,21,1,REG,10648,142
2019-02-12,18,3,25,8,REG,17509,148
2019-02-12,5,3,26,6,REG,19092,150
2019-02-12,2,5,29,2,REG,18212,151
2019-02-12,20,3,31,4,REG,15321,142
2019-02-13,28,0,1,1,REG,17174,153
2019-02-13,12,1,23,3,REG,18570,150
2019-02-14,25,4,2,0,REG,12553,143
2019-02-14,19,3,9,0,REG,16531,141
2019-02-14,18,2,7,5,REG,21038,148
2019-02-14,21,2,11,3,REG,18575,147
2019-02-14,5,2,13,3,SO,10198,169
2019-02-14,28,4,14,3,SO,18230,168
2019-02-14,16,1,17,3,REG,17417,157
2019-02-14,30,5,24,1,REG,17562,136
2019-02-14,10,0,26,6,REG,19092,148
2019-02-14,27,6,29,3,REG,18214,152
2019-02-14,8,4,31,1,REG,15321,146
2019-02-15,3,3,1,0,REG,17174,143
2019-02-15,20,6,4,2,REG,19070,149
2019-02-15,12,1,6,3,REG,14430,155
2019-02-15,18,5,15,4,OT,19041,160
2019-02-16,27,0,2,2,REG,17125,143
2019-02-16,10,0,6,3,REG,14369,143
2019-02-16,9,5,7,2,REG,22196,142
2019-02-16,25,3,8,0,REG,18076,146
2019-02-16,3,4,14,2,REG,18230,142
2019-02-16,12,2,19,5,REG,14812,149
2019-02-16,11,5,22,6,OT,19342,157
2019-02-16,5,5,23,4,REG,18667,151
2019-02-16,28,2,24,3,REG,17562,150
2019-02-16,16,0,26,3,REG,19092,162
2019-02-16,17,1,29,5,REG,18430,159
2019-02-16,21,4,31,3,OT,15321,153
2019-02-17,30,2,1,5,REG,17495,150
2019-02-17,22,3,11,1,REG,19515,154
2019-02-17,16,3,13,6,REG,16212,157
2019-02-17,25,4,15,0,REG,19102,142
2019-02-17,4,1,18,4,REG,16514,144
2019-02-17,20,5,23,6,REG,18646,152
2019-02-18,26,5,9,1,REG,16411,151
2019-02-18,2,2,5,5,REG,18985,145
2019-02-18,21,7,7,8,REG,21338,153
2019-02-18,29,0,8,3,REG,17808,142
2019-02-18,30,3,14,2,REG,18230,138
2019-02-18,3,6,24,5,OT,17562,163
2019-02-19,20,2,6,1,REG,13343,149
2019-02-19,17,5,10,3,REG,17985,158
2019-02-19,2,3,12,2,SO,18347,159
2019-02-19,4,2,13,4,REG,10340,160
2019-02-19,1,4,15,0,REG,18533,152
2019-02-19,9,2,16,3,REG,20858,146
2019-02-19,23,4,18,3,REG,15824,144
2019-02-19,26,5,22,2,REG,18932,152
2019-02-19,27,2,25,3,OT,18598,157
2019-02-20,19,2,5,4,REG,18632,144
2019-02-20,31,1,8,7,REG,15021,156
2019-02-20,7,5,11,4,OT,18806,158
2019-02-20,3,3,29,2,SO,18222,158
2019-02-21,25,2,10,5,REG,17945,153
2019-02-21,19,3,12,4,OT,18347,151
2019-02-21,6,4,13,3,REG,10750,158
2019-02-21,22,1,16,5,REG,21302,152
2019-02-21,21,0,18,4,REG,12964,133
2019-02-21,14,1,17,2,REG,17510,143
2019-02-21,15,4,20,1,REG,17271,149
2019-02-21,24,4,23,0,REG,18362,156
2019-02-21,4,1,26,2,SO,19092,168
2019-02-21,30,3,27,2,REG,19378,145
2019-02-21,2,3,28,2,OT,18568,152
2019-02-22,1,1,5,2,REG,18960,139
2019-02-22,8,5,7,3,REG,21653,147
2019-02-22,15,3,11,2,REG,19515,150
2019-02-22,9,3,21,0,REG,13918,140
2019-02-22,31,6,29,3,REG,18280,155
2019-02-23,30,2,4,5,REG,19070,150
2019-02-23,24,0,9,4,REG,19025,141
2019-02-23,6,3,10,0,REG,18532,149
2019-02-23,1,1,12,2,REG,18347,151
2019-02-23,14,1,13,6,REG,14290,142
2019-02-23,8,5,17,0,REG,17760,153
2019-02-23,18,2,20,5,REG,17371,151
2019-02-23,23,3,22,4,OT,69620,174
2019-02-23,3,1,25,2,SO,18425,159
2019-02-23,16,3,27,6,REG,19506,159
2019-02-23,19,4,28,0,REG,18871,142
2019-02-24,31,1,2,4,REG,17125,148
2019-02-24,10,4,7,3,REG,21474,152
2019-02-24,24,5,11,3,REG,19515,152
2019-02-24,25,1,15,2,OT,18645,151
2019-02-24,5,2,21,1,REG,13160,144
2019-02-24,20,5,30,6,OT,18506,160
2019-02-25,13,4,8,3,OT,14338,161
2019-02-25,16,1,18,2,REG,12791,161
2019-02-25,12,2,17,3,SO,17481,166
2019-02-25,14,3,26,4,SO,19092,203
2019-02-25,4,3,27,5,REG,19026,149
2019-02-25,1,0,28,4,REG,18542,143
2019-02-26,13,3,2,4,SO,11912,168
2019-02-26,24,1,3,4,REG,17565,146
2019-02-26,14,1,6,6,REG,13042,145
2019-02-26,23,5,9,2,REG,18776,145
2019-02-26,16,8,11,1,REG,18845,149
2019-02-26,5,3,19,1,REG,13097,146
2019-02-26,4,2,22,5,REG,18466,150
2019-02-26,17,0,25,2,REG,16645,140
2019-02-26,10,1,29,4,REG,18261,159
2019-02-26,15,3,31,2,REG,15321,141
2019-02-26,21,2,30,7,REG,18506,147
2019-02-27,7,4,1,3,REG,16689,148
2019-02-27,28,2,8,3,SO,14867,168
2019-02-27,5,2,18,1,REG,12019,149
2019-02-27,26,4,20,3,OT,17012,159
2019-02-27,12,2,27,6,REG,19356,148
2019-02-28,28,2,2,5,REG,12767,146
2019-02-28,26,1,3,4,REG,17565,145
2019-02-28,22,3,9,4,OT,17169,166
2019-02-28,10,4,14,3,OT,18230,159
2019-02-28,27,1,19,6,REG,13917,160
2019-02-28,12,4,21,2,REG,18358,144
2019-02-28,13,5,29,6,SO,18281,170
2019-03-01,29,3,1,0,REG,16456,142
2019-03-01,23,3,4,4,OT,19070,161
2019-03-01,25,2,6,5,REG,15363,150
2019-03-01,22,6,18,3,REG,15247,153
2019-03-01,30,3,19,1,REG,13971,151
2019-03-01,16,4,20,2,REG,17334,143
2019-03-01,8,3,24,4,REG,17351,147
2019-03-01,17,3,31,5,REG,15321,154
2019-03-02,11,1,2,3,REG,15552,153
2019-03-02,18,0,3,1,REG,17565,141
2019-03-02,12,4,9,0,REG,18628,142
2019-03-02,15,4,5,2,REG,19289,158
2019-03-02,6,4,13,3,OT,13923,149
2019-03-02,7,3,14,6,REG,18230,144
2019-03-02,23,5,16,1,REG,21302,148
2019-03-02,10,4,25,1,REG,18166,152
2019-03-02,21,1,26,5,REG,19092,154
2019-03-02,4,2,27,5,REG,19088,147
2019-03-03,8,1,1,2,REG,16690,150
2019-03-03,31,5,9,2,REG,16091,144
2019-03-03,21,3,13,2,REG,11752,148
2019-03-03,17,3,15,2,SO,18885,154
2019-03-03,22,4,19,1,REG,13917,151
2019-03-03,30,3,20,2,SO,17517,162
2019-03-03,7,2,24,5,REG,17252,137
2019-03-03,28,0,29,3,REG,18303,146
2019-03-04,12,4,4,3,REG,17775,152
2019-03-04,27,6,5,2,REG,19289,151
2019-03-05,1,3,2,1,REG,11305,151
2019-03-05,6,3,3,4,OT,17565,158
2019-03-05,11,3,8,4,OT,18011,156
2019-03-05,20,0,10,1,REG,17974,149
2019-03-05,16,3,14,1,REG,17764,142
2019-03-05,9,2,18,1,SO,12085,157
2019-03-05,15,4,17,5,SO,17668,163
2019-03-05,21,4,19,5,SO,11445,153
2019-03-05,13,2,23,3,OT,18484,154
2019-03-05,31,2,26,5,REG,19092,157
2019-03-06,25,5,1,4,REG,16854,154
2019-03-06,30,5,22,3,REG,19232,143
2019-03-06,27,2,28,3,OT,18871,151
2019-03-06,5,1,29,2,REG,18422,163
2019-03-07,5,0,2,2,REG,13341,141
2019-03-07,13,3,3,4,REG,17565,149
2019-03-07,4,4,7,5,SO,21500,158
2019-03-07,8,0,10,4,REG,18011,142
2019-03-07,20,2,11,3,SO,18333,164
2019-03-07,28,2,12,3,REG,18347,146
2019-03-07,25,4,14,0,REG,17837,146
2019-03-07,19,4,21,2,REG,11967,150
2019-03-07,9,0,23,3,REG,18611,151
2019-03-07,16,2,24,5,REG,17471,141
2019-03-07,15,3,26,0,REG,19092,146
2019-03-08,16,2,1,8,REG,16580,156
2019-03-08,31,8,6,1,REG,15928,147
2019-03-08,15,2,13,6,REG,12388,145
2019-03-08,18,0,30,3,REG,18506,143
2019-03-09,14,2,2,4,REG,14976,150
2019-03-09,21,2,3,3,REG,17565,140
2019-03-09,23,1,9,4,REG,19146,148
2019-03-09,4,0,8,3,REG,18052,154
2019-03-09,7,2,10,1,REG,18532,145
2019-03-09,27,3,12,2,REG,18347,143
2019-03-09,6,5,17,3,REG,17724,148
2019-03-09,22,5,19,2,REG,13917,154
2019-03-09,18,2,20,4,REG,17386,152
2019-03-09,25,2,24,3,OT,17562,139
2019-03-09,11,2,26,3,REG,19092,160
2019-03-09,29,6,28,2,REG,18286,142
2019-03-10,14,3,1,2,REG,17174,146
2019-03-10,29,3,5,6,REG,19086,153
2019-03-10,11,1,13,6,REG,15238,147
2019-03-10,3,2,23,4,REG,18578,149
2019-03-10,31,1,30,3,REG,18506,149
2019-03-11,2,1,7,7,REG,21574,147
2019-03-11,6,3,8,0,REG,16711,139
2019-03-11,20,2,12,3,OT,18347,157
2019-03-11,24,3,15,0,REG,18907,140
2019-03-11,9,0,19,2,REG,11827,135
2019-03-11,21,2,22,3,REG,18193,142
2019-03-11,26,6,27,2,REG,19491,148
2019-03-12,17,2,1,3,REG,16811,149
2019-03-12,10,2,4,0,REG,17830,142
2019-03-12,3,4,9,7,REG,16554,150
2019-03-12,18,4,5,9,REG,18529,152
2019-03-12,11,1,16,3,REG,21302,143
2019-03-12,30,3,23,5,REG,18640,152
2019-03-12,2,3,25,1,REG,18428,140
2019-03-12,24,5,31,4,REG,15321,149
2019-03-13,18,6,12,3,REG,18347,157
2019-03-13,7,5,27,4,REG,19342,148
2019-03-13,20,1,28,4,REG,18225,140
2019-03-14,1,1,2,6,REG,14202,148
2019-03-14,23,5,4,0,REG,18680,144
2019-03-14,26,5,11,4,REG,19515,149
2019-03-14,17,3,14,1,REG,17730,140
2019-03-14,10,4,15,1,REG,18919,142
2019-03-14,16,1,19,2,REG,13274,148
2019-03-14,25,0,21,2,REG,13378,143
2019-03-14,30,5,22,2,REG,19475,146
2019-03-14,13,4,24,2,REG,17388,140
2019-03-14,3,3,31,4,REG,15321,148
2019-03-15,6,0,9,3,REG,18832,152
2019-03-15,20,1,5,5,REG,18956,144
2019-03-15,1,5,8,3,REG,18025,149
2019-03-15,29,2,10,1,REG,18532,149
2019-03-15,22,6,27,7,REG,19290,163
2019-03-15,18,3,28,2,SO,17552,172
2019-03-16,12,3,2,2,OT,15016,152
2019-03-16,9,1,3,2,OT,17565,153
2019-03-16,4,2,6,4,REG,15171,141
2019-03-16,19,1,11,2,REG,19515,141
2019-03-16,13,4,14,3,REG,18022,151
2019-03-16,20,2,15,5,REG,18844,156
2019-03-16,7,2,16,0,REG,21302,144
2019-03-16,27,2,21,6,REG,18607,145
2019-03-16,25,5,23,1,REG,18641,144
2019-03-16,17,4,24,2,REG,17562,146
2019-03-16,30,3,26,6,REG,19092,154
2019-03-16,5,1,31,2,REG,15321,142
2019-03-17,13,2,1,3,REG,16523,146
2019-03-17,25,3,4,4,SO,18486,154
2019-03-17,18,0,8,3,REG,18037,148
2019-03-17,28,3,10,2,SO,18125,165
2019-03-17,19,3,15,2,OT,18696,155
2019-03-17,22,2,23,1,OT,18636,161
2019-03-17,12,3,29,6,REG,18317,150
2019-03-18,28,3,7,2,OT,21496,145
2019-03-18,31,3,14,2,REG,17842,144
2019-03-18,29,7,24,3,REG,17487,147
2019-03-18,2,1,26,4,REG,19092,149
2019-03-19,23,2,6,3,SO,14677,168
2019-03-19,9,2,5,4,REG,18288,155
2019-03-19,13,2,10,4,REG,17654,156
2019-03-19,8,3,15,1,REG,18785,158
2019-03-19,30,4,18,1,REG,14815,140
2019-03-19,27,0,17,3,REG,17499,138
2019-03-19,3,5,19,0,REG,13917,147
2019-03-19,11,3,20,2,REG,17183,147
2019-03-19,16,3,22,1,REG,19045,141
2019-03-19,12,2,25,7,REG,17873,151
2019-03-20,31,3,1,0,REG,16846,140
2019-03-20,27,4,4,2,REG,19070,153
2019-03-20,21,4,28,7,REG,18500,150
2019-03-20,26,5,30,4,OT,18506,169
2019-03-21,26,6,6,3,REG,13785,154
2019-03-21,21,1,5,5,REG,18793,140
2019-03-21,22,3,7,1,REG,21484,145
2019-03-21,8,3,10,1,REG,17543,146
2019-03-21,9,1,12,4,REG,18347,145
2019-03-21,2,2,13,4,REG,12576,152
2019-03-21,24,2,14,4,REG,18230,148
2019-03-21,19,0,16,4,REG,21302,142
2019-03-21,3,5,18,1,REG,14649,139
2019-03-21,23,2,17,1,SO,17729,159
2019-03-21,11,2,25,5,REG,18272,136
2019-03-21,31,0,29,5,REG,18430,141
2019-03-22,24,3,1,4,OT,17174,142
2019-03-22,15,2,30,1,REG,18506,145
2019-03-23,15,1,6,5,REG,16751,144
2019-03-23,7,2,8,4,REG,17099,146
2019-03-23,23,3,10,2,REG,18532,151
2019-03-23,21,4,12,3,OT,18347,148
2019-03-23,3,7,13,3,REG,17129,154
2019-03-23,1,3,14,4,SO,18230,157
2019-03-23,4,4,16,7,REG,21302,155
2019-03-23,2,1,18,2,SO,16514,157
2019-03-23,19,4,22,2,REG,19668,145
2019-03-23,26,3,25,4,REG,18127,150
2019-03-23,20,2,27,1,OT,19251,154
2019-03-23,5,3,28,1,REG,18685,146
2019-03-23,11,3,29,2,OT,18437,147
2019-03-23,17,0,31,5,REG,15321,146
2019-03-24,16,1,6,2,OT,14437,158
2019-03-24,8,1,7,2,OT,21410,155
2019-03-24,2,0,19,2,REG,13917,140
2019-03-24,9,5,28,0,REG,17805,143
2019-03-24,22,1,30,3,REG,18506,147
2019-03-25,14,3,5,0,REG,18471,149
2019-03-25,17,1,15,0,REG,18833,148
2019-03-25,4,1,18,3,REG,12053,154
2019-03-25,23,5,20,2,REG,17401,143
2019-03-25,11,3,24,2,REG,17393,146
2019-03-25,29,1,25,3,REG,18247,142
2019-03-25,3,4,26,5,REG,19092,149
2019-03-25,13,5,27,7,REG,19125,157
2019-03-25,10,5,31,2,REG,15321,150
2019-03-26,7,0,2,1,REG,15055,139
2019-03-26,19,0,9,4,REG,17928,146
2019-03-26,14,4,12,8,REG,18347,154
2019-03-26,13,1,16,6,REG,21029,157
2019-03-26,4,0,21,4,REG,12074,141
2019-03-26,1,5,28,4,REG,17633,148
2019-03-26,6,1,30,4,REG,18506,146
2019-03-27,20,3,3,6,REG,17565,156
2019-03-27,10,2,5,1,REG,18881,156
2019-03-27,29,3,8,4,REG,16799,158
2019-03-27,27,4,22,5,SO,19205,159
2019-03-28,11,5,4,4,OT,16236,157
2019-03-28,30,3,6,2,REG,14680,138
2019-03-28,16,2,9,6,REG,18641,152
2019-03-28,10,3,12,2,SO,18347,164
2019-03-28,13,5,21,2,REG,14230,146
2019-03-28,7,5,24,4,REG,17364,145
2019-03-28,14,2,28,3,SO,18524,158
2019-03-28,19,5,31,4,REG,15321,150
2019-03-29,1,1,5,6,REG,19030,139
2019-03-29,2,2,8,3,SO,18045,164
2019-03-29,18,0,11,4,REG,19515,141
2019-03-29,25,2,20,4,REG,17567,141
2019-03-29,17,3,23,1,REG,18632,146
2019-03-29,15,3,29,2,REG,18492,148
2019-03-30,13,4,3,1,REG,17565,145
2019-03-30,22,2,6,5,REG,17833,149
2019-03-30,1,5,12,1,REG,18347,141
2019-03-30,7,2,14,3,OT,18230,156
2019-03-30,25,3,18,2,OT,16514,143
2019-03-30,9,5,17,2,REG,17751,148
2019-03-30,4,1,19,5,REG,13917,145
2019-03-30,27,2,21,4,REG,18655,146
2019-03-30,29,3,24,4,OT,17562,153
2019-03-30,30,6,26,3,REG,19092,154
2019-03-30,10,2,28,3,SO,18663,162
2019-03-30,16,3,31,1,REG,15321,147
2019-03-31,15,0,2,4,REG,17431,150
2019-03-31,9,4,4,0,REG,17990,143
2019-03-31,3,3,11,6,REG,19515,149
2019-03-31,20,3,22,0,REG,19437,141
2019-03-31,6,1,23,3,REG,18616,160
2019-03-31,5,5,24,3,REG,17313,142
2019-04-01,31,4,7,3,OT,21314,153
2019-04-01,30,3,13,5,REG,14376,147
2019-04-01,5,7,14,2,REG,18117,145
2019-04-01,20,2,18,4,REG,14776,153
2019-04-01,27,2,19,1,REG,13917,148
2019-04-01,26,5,21,2,REG,13628,143
2019-04-01,8,2,25,3,SO,17767,152
2019-04-01,12,1,29,3,REG,18367,144
2019-04-02,14,3,2,1,REG,14687,146
2019-04-02,17,3,4,2,REG,16569,152
2019-04-02,3,6,9,2,REG,18890,152
2019-04-02,12,2,8,6,REG,17021,142
2019-04-02,22,2,10,6,REG,18532,157
2019-04-02,23,1,11,4,REG,19515,147
2019-04-02,31,1,15,5,REG,18590,142
2019-04-02,26,2,16,4,REG,21302,149
2019-04-02,6,4,27,1,REG,19097,154
2019-04-02,24,2,28,4,REG,18524,142
2019-04-03,5,1,1,3,REG,17174,139
2019-04-03,25,3,7,4,SO,21482,159
2019-04-03,21,4,20,1,REG,16562,143
2019-04-04,21,2,4,5,REG,17988,145
2019-04-04,18,1,6,3,REG,17645,145
2019-04-04,31,2,8,3,OT,18003,153
2019-04-04,24,3,12,2,REG,18347,147
2019-04-04,19,2,13,1,SO,13775,173
2019-04-04,3,3,15,0,REG,19074,140
2019-04-04,28,2,17,3,REG,17669,144
2019-04-04,11,1,23,4,REG,18574,146
2019-04-04,22,3,25,7,REG,18203,154
2019-04-04,26,3,27,1,REG,19400,137
2019-04-04,2,4,29,1,REG,18485,148
2019-04-04,16,1,30,2,REG,18506,142
2019-04-05,14,2,1,5,REG,17306,151
2019-04-05,10,1,7,6,REG,21626,144
2019-04-05,9,3,20,2,SO,17341,163
2019-04-06,31,4,2,2,REG,17125,149
2019-04-06,26,6,3,3,REG,17565,143
2019-04-06,12,3,5,1,REG,19289,145
2019-04-06,15,0,10,3,REG,18532,150
2019-04-06,4,7,11,1,REG,19515,142
2019-04-06,18,4,13,3,OT,15259,165
2019-04-06,29,2,14,5,REG,18230,150
2019-04-06,27,5,16,6,SO,21302,171
2019-04-06,7,2,17,5,REG,17694,144
2019-04-06,9,6,21,2,REG,18425,137
2019-04-06,6,4,22,3,REG,19433,145
2019-04-06,20,4,23,3,OT,18660,154
2019-04-06,8,2,24,5,REG,17562,141
2019-04-06,28,2,25,3,SO,17970,155
2019-04-06,19,3,30,0,REG,18506,137
